{
  "created_date": "2025-11-26 09:15:55",
  "author": "Peter Leme",
  "project": "European Grid Stress Prediction",
  "version": "v2",
  "data_info": {
    "train_samples": 386525,
    "val_samples": 111670,
    "test_samples": 53599,
    "total_samples": 551794,
    "num_features": 28,
    "num_countries": 23,
    "countries": [
      "AT",
      "BE",
      "BG",
      "CH",
      "DE",
      "DK",
      "EE",
      "ES",
      "FI",
      "FR",
      "GR",
      "HR",
      "HU",
      "IT",
      "LT",
      "LV",
      "NL",
      "NO",
      "PL",
      "PT",
      "RO",
      "SE",
      "SK"
    ],
    "date_range_train": "2023-01-01 00:00:00 to 2024-12-31 00:00:00",
    "date_range_val": "2024-12-31 01:00:00 to 2025-07-31 00:00:00",
    "date_range_test": "2025-07-31 01:00:00 to 2025-11-07 23:00:00"
  },
  "regression": {
    "best_model": "Random Forest",
    "test_r2": 0.8749242057361044,
    "test_rmse": 5.349453583281173,
    "test_mae": 3.7751069672635125,
    "val_r2": 0.8832742096830356,
    "train_time_seconds": 527.0482888221741
  },
  "classification": {
    "best_model": "Random Forest",
    "threshold": 50,
    "test_accuracy": 0.9653911453571895,
    "test_precision": 0.860104201308059,
    "test_recall": 0.9289990421455939,
    "test_f1": 0.8932251194382087,
    "val_accuracy": 0.9616996507566938,
    "val_f1": 0.9026560757448164,
    "train_time_seconds": 65.59422850608826,
    "class_distribution": {
      "train": {
        "low_risk": 317858,
        "high_risk": 68667
      },
      "val": {
        "low_risk": 90012,
        "high_risk": 21658
      },
      "test": {
        "low_risk": 45247,
        "high_risk": 8352
      }
    }
  },
  "features": {
    "total": 28,
    "original": 12,
    "engineered": 15,
    "encoded": 1,
    "feature_list": [
      "T8_high_imports",
      "mean_temperature_c",
      "P90_net",
      "T7_high_exports",
      "wind_forecast",
      "solar_forecast",
      "mean_ssrd",
      "Actual_Load",
      "net_imports",
      "mean_wind_speed",
      "P10_net",
      "Forecasted_Load",
      "load_forecast_error",
      "load_forecast_error_pct",
      "net_position_spread",
      "net_position_avg",
      "trade_balance_flag",
      "renewable_forecast_total",
      "renewable_to_load_ratio",
      "hour",
      "day_of_week",
      "month",
      "is_weekend",
      "hour_sin",
      "hour_cos",
      "month_sin",
      "month_cos",
      "country_encoded"
    ]
  }
}